-- MySQL dump 10.13  Distrib 9.6.0, for Win64 (x86_64)
--
-- Host: localhost    Database: hr_system
-- ------------------------------------------------------
-- Server version	9.6.0

/*!40101 SET @OLD_CHARACTER_SET_CLIENT=@@CHARACTER_SET_CLIENT */;
/*!40101 SET @OLD_CHARACTER_SET_RESULTS=@@CHARACTER_SET_RESULTS */;
/*!40101 SET @OLD_COLLATION_CONNECTION=@@COLLATION_CONNECTION */;
/*!50503 SET NAMES utf8mb4 */;
/*!40103 SET @OLD_TIME_ZONE=@@TIME_ZONE */;
/*!40103 SET TIME_ZONE='+00:00' */;
/*!40014 SET @OLD_UNIQUE_CHECKS=@@UNIQUE_CHECKS, UNIQUE_CHECKS=0 */;
/*!40014 SET @OLD_FOREIGN_KEY_CHECKS=@@FOREIGN_KEY_CHECKS, FOREIGN_KEY_CHECKS=0 */;
/*!40101 SET @OLD_SQL_MODE=@@SQL_MODE, SQL_MODE='NO_AUTO_VALUE_ON_ZERO' */;
/*!40111 SET @OLD_SQL_NOTES=@@SQL_NOTES, SQL_NOTES=0 */;



--
-- Table structure for table `user`
--

DROP TABLE IF EXISTS `user`;
/*!40101 SET @saved_cs_client     = @@character_set_client */;
/*!50503 SET character_set_client = utf8mb4 */;
CREATE TABLE `user` (
  `id` int NOT NULL AUTO_INCREMENT,
  `username` varchar(80) COLLATE utf8mb4_unicode_ci NOT NULL,
  `password_hash` varchar(256) COLLATE utf8mb4_unicode_ci NOT NULL,
  `role` varchar(20) COLLATE utf8mb4_unicode_ci DEFAULT NULL,
  `created_at` datetime DEFAULT NULL,
  PRIMARY KEY (`id`),
  UNIQUE KEY `username` (`username`)
) ENGINE=InnoDB AUTO_INCREMENT=3 DEFAULT CHARSET=utf8mb4 COLLATE=utf8mb4_unicode_ci;
/*!40101 SET character_set_client = @saved_cs_client */;

--
-- Dumping data for table `user`
--

LOCK TABLES `user` WRITE;
/*!40000 ALTER TABLE `user` DISABLE KEYS */;
INSERT INTO `user` VALUES (1,'admin','scrypt:32768:8:1$L4AfkLvbCArruztO$931379c27de03fa41b45d363194af7a18f635e66c40104f28a6965867348083f579c40b5175fd113fef4edfac0ac30432cf36a8673a218585a130c0847f72867','admin','2026-05-25 01:46:49'),(2,'zhangsan','scrypt:32768:8:1$ap0r6GZMdNZLDjjN$748b1b533665fb301a9e53b16324f1058083e6bf00401e39a3946dcd69ff6ff79d580c08247e3505e420316a4de2cc89e4a3f6dbebec47887b151723c2942eeb','employee','2026-05-25 01:46:49');
/*!40000 ALTER TABLE `user` ENABLE KEYS */;
UNLOCK TABLES;

--
-- Table structure for table `department`
--

DROP TABLE IF EXISTS `department`;
/*!40101 SET @saved_cs_client     = @@character_set_client */;
/*!50503 SET character_set_client = utf8mb4 */;
CREATE TABLE `department` (
  `id` int NOT NULL AUTO_INCREMENT,
  `name` varchar(100) COLLATE utf8mb4_unicode_ci NOT NULL,
  `description` text COLLATE utf8mb4_unicode_ci,
  `created_at` datetime DEFAULT NULL,
  PRIMARY KEY (`id`)
) ENGINE=InnoDB AUTO_INCREMENT=6 DEFAULT CHARSET=utf8mb4 COLLATE=utf8mb4_unicode_ci;
/*!40101 SET character_set_client = @saved_cs_client */;

--
-- Dumping data for table `department`
--

LOCK TABLES `department` WRITE;
/*!40000 ALTER TABLE `department` DISABLE KEYS */;
INSERT INTO `department` VALUES (1,'技术部','负责产品开发和技术维护','2026-05-25 01:46:49'),(2,'市场部','负责市场推广和品牌建设','2026-05-25 01:46:49'),(3,'人事部','负责人员招聘和行政管理','2026-05-25 01:46:49'),(4,'财务部','负责公司财务管理和预算','2026-05-25 01:46:49'),(5,'运营部','负责日常运营管理','2026-05-25 01:46:49');
/*!40000 ALTER TABLE `department` ENABLE KEYS */;
UNLOCK TABLES;

--
-- Table structure for table `employee`
--

DROP TABLE IF EXISTS `employee`;
/*!40101 SET @saved_cs_client     = @@character_set_client */;
/*!50503 SET character_set_client = utf8mb4 */;
CREATE TABLE `employee` (
  `id` int NOT NULL AUTO_INCREMENT,
  `name` varchar(100) COLLATE utf8mb4_unicode_ci NOT NULL,
  `gender` varchar(10) COLLATE utf8mb4_unicode_ci DEFAULT NULL,
  `phone` varchar(20) COLLATE utf8mb4_unicode_ci DEFAULT NULL,
  `email` varchar(100) COLLATE utf8mb4_unicode_ci DEFAULT NULL,
  `position` varchar(100) COLLATE utf8mb4_unicode_ci DEFAULT NULL,
  `department_id` int DEFAULT NULL,
  `hire_date` date DEFAULT NULL,
  `status` varchar(20) COLLATE utf8mb4_unicode_ci DEFAULT NULL,
  `user_id` int DEFAULT NULL,
  `created_at` datetime DEFAULT NULL,
  PRIMARY KEY (`id`),
  KEY `department_id` (`department_id`),
  KEY `user_id` (`user_id`),
  CONSTRAINT `employee_ibfk_1` FOREIGN KEY (`department_id`) REFERENCES `department` (`id`),
  CONSTRAINT `employee_ibfk_2` FOREIGN KEY (`user_id`) REFERENCES `user` (`id`)
) ENGINE=InnoDB AUTO_INCREMENT=21 DEFAULT CHARSET=utf8mb4 COLLATE=utf8mb4_unicode_ci;
/*!40101 SET character_set_client = @saved_cs_client */;

--
-- Dumping data for table `employee`
--

LOCK TABLES `employee` WRITE;
/*!40000 ALTER TABLE `employee` DISABLE KEYS */;
INSERT INTO `employee` VALUES (1,'张三','男','13800000000','emp00@company.com','工程师',1,'2024-06-19','在职',2,'2026-05-25 01:46:49'),(2,'李四','男','13800000001','emp01@company.com','产品经理',2,'2024-03-22','在职',NULL,'2026-05-25 01:46:49'),(3,'王五','女','13800000002','emp02@company.com','设计师',3,'2024-05-17','在职',NULL,'2026-05-25 01:46:49'),(4,'赵六','男','13800000003','emp03@company.com','测试',4,'2024-01-18','在职',NULL,'2026-05-25 01:46:49'),(5,'钱七','男','13800000004','emp04@company.com','前端开发',5,'2024-07-28','在职',NULL,'2026-05-25 01:46:49'),(6,'孙八','女','13800000005','emp05@company.com','后端开发',1,'2024-04-10','在职',NULL,'2026-05-25 01:46:49'),(7,'周九','男','13800000006','emp06@company.com','市场专员',2,'2024-02-25','在职',NULL,'2026-05-25 01:46:49'),(8,'吴十','男','13800000007','emp07@company.com','人事专员',3,'2024-08-06','在职',NULL,'2026-05-25 01:46:49'),(9,'郑冬梅','女','13800000008','emp08@company.com','会计',4,'2024-08-04','在职',NULL,'2026-05-25 01:46:49'),(10,'冯春花','男','13800000009','emp09@company.com','运营专员',5,'2024-09-17','在职',NULL,'2026-05-25 01:46:49'),(11,'陈夏雨','男','13800000010','emp10@company.com','项目经理',1,'2024-08-12','在职',NULL,'2026-05-25 01:46:49'),(12,'楚秋风','女','13800000011','emp11@company.com','实习生',2,'2024-06-24','在职',NULL,'2026-05-25 01:46:49'),(13,'卫冬雪','男','13800000012','emp12@company.com','工程师',3,'2024-05-08','在职',NULL,'2026-05-25 01:46:49'),(14,'蒋明辉','男','13800000013','emp13@company.com','产品经理',4,'2024-08-04','在职',NULL,'2026-05-25 01:46:49'),(15,'韩晓丽','女','13800000014','emp14@company.com','设计师',5,'2024-06-07','在职',NULL,'2026-05-25 01:46:49'),(16,'杨光耀','男','13800000015','emp15@company.com','测试',1,'2024-11-17','在职',NULL,'2026-05-25 01:46:49'),(17,'朱晓红','男','13800000016','emp16@company.com','前端开发',2,'2024-05-12','在职',NULL,'2026-05-25 01:46:49'),(18,'秦大力','女','13800000017','emp17@company.com','后端开发',3,'2024-12-10','在职',NULL,'2026-05-25 01:46:49'),(19,'许小明','男','13800000018','emp18@company.com','市场专员',4,'2024-02-02','在职',NULL,'2026-05-25 01:46:49'),(20,'何芳华','男','13800000012','emp19@company.com','人事专员',5,'2024-10-25','在职',NULL,'2026-05-25 01:46:49');
/*!40000 ALTER TABLE `employee` ENABLE KEYS */;
UNLOCK TABLES;

--
-- Table structure for table `attendance`
--

DROP TABLE IF EXISTS `attendance`;
/*!40101 SET @saved_cs_client     = @@character_set_client */;
/*!50503 SET character_set_client = utf8mb4 */;
CREATE TABLE `attendance` (
  `id` int NOT NULL AUTO_INCREMENT,
  `employee_id` int NOT NULL,
  `date` date DEFAULT NULL,
  `check_in` datetime DEFAULT NULL,
  `check_out` datetime DEFAULT NULL,
  `status` varchar(20) COLLATE utf8mb4_unicode_ci DEFAULT NULL,
  `created_at` datetime DEFAULT NULL,
  PRIMARY KEY (`id`),
  KEY `employee_id` (`employee_id`),
  CONSTRAINT `attendance_ibfk_1` FOREIGN KEY (`employee_id`) REFERENCES `employee` (`id`)
) ENGINE=InnoDB AUTO_INCREMENT=394 DEFAULT CHARSET=utf8mb4 COLLATE=utf8mb4_unicode_ci;
/*!40101 SET character_set_client = @saved_cs_client */;

--
-- Dumping data for table `attendance`
--

LOCK TABLES `attendance` WRITE;
/*!40000 ALTER TABLE `attendance` DISABLE KEYS */;
INSERT INTO `attendance` VALUES (1,1,'2026-05-25','2026-05-25 10:53:00','2026-05-25 18:05:00','迟到','2026-05-25 01:46:49'),(2,1,'2026-05-22','2026-05-22 10:17:00','2026-05-22 18:33:00','正常','2026-05-25 01:46:49'),(3,1,'2026-05-21','2026-05-21 08:12:00','2026-05-21 18:19:00','正常','2026-05-25 01:46:49'),(4,1,'2026-05-20','2026-05-20 09:34:00','2026-05-20 18:55:00','迟到','2026-05-25 01:46:49'),(5,1,'2026-05-19','2026-05-19 10:25:00','2026-05-19 17:18:00','正常','2026-05-25 01:46:49'),(6,1,'2026-05-18','2026-05-18 10:19:00','2026-05-18 17:46:00','正常','2026-05-25 01:46:49'),(7,1,'2026-05-15','2026-05-15 08:51:00','2026-05-15 19:52:00','正常','2026-05-25 01:46:49'),(8,1,'2026-05-13','2026-05-13 09:46:00','2026-05-13 18:22:00','迟到','2026-05-25 01:46:49'),(9,1,'2026-05-12','2026-05-12 09:38:00','2026-05-12 17:11:00','迟到','2026-05-25 01:46:49'),(10,1,'2026-05-11','2026-05-11 10:21:00','2026-05-11 19:19:00','正常','2026-05-25 01:46:49'),(11,1,'2026-05-08','2026-05-08 08:12:00','2026-05-08 17:16:00','正常','2026-05-25 01:46:49'),(12,1,'2026-05-07','2026-05-07 09:51:00','2026-05-07 19:56:00','迟到','2026-05-25 01:46:49'),(13,1,'2026-05-06','2026-05-06 08:33:00','2026-05-06 18:13:00','正常','2026-05-25 01:46:49'),(14,1,'2026-05-05','2026-05-05 09:30:00','2026-05-05 18:27:00','正常','2026-05-25 01:46:49'),(15,1,'2026-05-04','2026-05-04 09:09:00','2026-05-04 19:52:00','正常','2026-05-25 01:46:49'),(16,1,'2026-05-01','2026-05-01 10:03:00','2026-05-01 19:55:00','正常','2026-05-25 01:46:49'),(17,1,'2026-04-30','2026-04-30 09:37:00','2026-04-30 18:52:00','迟到','2026-05-25 01:46:49'),(18,1,'2026-04-29','2026-04-29 09:23:00','2026-04-29 17:53:00','正常','2026-05-25 01:46:49'),(19,1,'2026-04-28','2026-04-28 10:30:00','2026-04-28 19:57:00','正常','2026-05-25 01:46:49'),(20,1,'2026-04-27','2026-04-27 10:57:00','2026-04-27 18:28:00','迟到','2026-05-25 01:46:49'),(21,2,'2026-05-25','2026-05-25 08:05:00','2026-05-25 18:06:00','正常','2026-05-25 01:46:49'),(22,2,'2026-05-22','2026-05-22 10:26:00','2026-05-22 18:31:00','正常','2026-05-25 01:46:49'),(23,2,'2026-05-21','2026-05-21 10:10:00','2026-05-21 17:49:00','正常','2026-05-25 01:46:49'),(24,2,'2026-05-20','2026-05-20 10:09:00','2026-05-20 19:37:00','正常','2026-05-25 01:46:49'),(25,2,'2026-05-19','2026-05-19 08:15:00','2026-05-19 17:06:00','正常','2026-05-25 01:46:49'),(26,2,'2026-05-18','2026-05-18 10:27:00','2026-05-18 19:06:00','正常','2026-05-25 01:46:49'),(27,2,'2026-05-14','2026-05-14 09:25:00','2026-05-14 17:01:00','正常','2026-05-25 01:46:49'),(28,2,'2026-05-13','2026-05-13 08:49:00','2026-05-13 18:38:00','正常','2026-05-25 01:46:49'),(29,2,'2026-05-12','2026-05-12 10:12:00','2026-05-12 17:37:00','正常','2026-05-25 01:46:49'),(30,2,'2026-05-11','2026-05-11 09:45:00','2026-05-11 17:37:00','迟到','2026-05-25 01:46:49'),(31,2,'2026-05-08','2026-05-08 10:41:00','2026-05-08 18:49:00','迟到','2026-05-25 01:46:49'),(32,2,'2026-05-06','2026-05-06 08:07:00','2026-05-06 18:27:00','正常','2026-05-25 01:46:49'),(33,2,'2026-05-05','2026-05-05 08:57:00','2026-05-05 19:34:00','正常','2026-05-25 01:46:49'),(34,2,'2026-05-04','2026-05-04 09:10:00','2026-05-04 19:39:00','正常','2026-05-25 01:46:49'),(35,2,'2026-05-01','2026-05-01 08:41:00','2026-05-01 18:06:00','正常','2026-05-25 01:46:49'),(36,2,'2026-04-30','2026-04-30 10:37:00','2026-04-30 17:17:00','迟到','2026-05-25 01:46:49'),(37,2,'2026-04-29','2026-04-29 10:08:00','2026-04-29 19:02:00','正常','2026-05-25 01:46:49'),(38,2,'2026-04-28','2026-04-28 09:25:00','2026-04-28 19:33:00','正常','2026-05-25 01:46:49'),(39,3,'2026-05-25','2026-05-25 10:23:00','2026-05-25 18:31:00','正常','2026-05-25 01:46:49'),(40,3,'2026-05-22','2026-05-22 10:09:00','2026-05-22 19:04:00','正常','2026-05-25 01:46:49'),(41,3,'2026-05-21','2026-05-21 08:08:00','2026-05-21 18:31:00','正常','2026-05-25 01:46:49'),(42,3,'2026-05-20','2026-05-20 10:31:00','2026-05-20 19:25:00','迟到','2026-05-25 01:46:49'),(43,3,'2026-05-19','2026-05-19 08:55:00','2026-05-19 19:35:00','正常','2026-05-25 01:46:49'),(44,3,'2026-05-18','2026-05-18 10:51:00','2026-05-18 17:20:00','迟到','2026-05-25 01:46:49'),(45,3,'2026-05-14','2026-05-14 09:40:00','2026-05-14 19:49:00','迟到','2026-05-25 01:46:49'),(46,3,'2026-05-13','2026-05-13 09:31:00','2026-05-13 19:25:00','迟到','2026-05-25 01:46:49'),(47,3,'2026-05-12','2026-05-12 10:12:00','2026-05-12 19:12:00','正常','2026-05-25 01:46:49'),(48,3,'2026-05-08','2026-05-08 08:21:00','2026-05-08 19:59:00','正常','2026-05-25 01:46:49'),(49,3,'2026-05-07','2026-05-07 09:31:00','2026-05-07 17:12:00','迟到','2026-05-25 01:46:49'),(50,3,'2026-05-06','2026-05-06 08:54:00','2026-05-06 19:10:00','正常','2026-05-25 01:46:49'),(51,3,'2026-05-05','2026-05-05 09:07:00','2026-05-05 17:13:00','正常','2026-05-25 01:46:49'),(52,3,'2026-05-04','2026-05-04 09:59:00','2026-05-04 18:08:00','迟到','2026-05-25 01:46:49'),(53,3,'2026-05-01','2026-05-01 08:36:00','2026-05-01 18:14:00','正常','2026-05-25 01:46:49'),(54,3,'2026-04-30','2026-04-30 08:20:00','2026-04-30 18:43:00','正常','2026-05-25 01:46:49'),(55,3,'2026-04-29','2026-04-29 10:09:00','2026-04-29 17:48:00','正常','2026-05-25 01:46:49'),(56,3,'2026-04-28','2026-04-28 10:11:00','2026-04-28 17:46:00','正常','2026-05-25 01:46:49'),(57,3,'2026-04-27','2026-04-27 10:29:00','2026-04-27 17:15:00','正常','2026-05-25 01:46:49'),(58,4,'2026-05-25','2026-05-25 10:01:00','2026-05-25 18:41:00','正常','2026-05-25 01:46:49'),(59,4,'2026-05-22','2026-05-22 08:05:00','2026-05-22 17:46:00','正常','2026-05-25 01:46:49'),(60,4,'2026-05-21','2026-05-21 10:36:00','2026-05-21 18:45:00','迟到','2026-05-25 01:46:49'),(61,4,'2026-05-20','2026-05-20 09:12:00','2026-05-20 19:43:00','正常','2026-05-25 01:46:49'),(62,4,'2026-05-19','2026-05-19 09:03:00','2026-05-19 18:28:00','正常','2026-05-25 01:46:49'),(63,4,'2026-05-18','2026-05-18 08:33:00','2026-05-18 17:08:00','正常','2026-05-25 01:46:49'),(64,4,'2026-05-15','2026-05-15 10:31:00','2026-05-15 17:58:00','迟到','2026-05-25 01:46:49'),(65,4,'2026-05-14','2026-05-14 10:05:00','2026-05-14 19:00:00','正常','2026-05-25 01:46:49'),(66,4,'2026-05-13','2026-05-13 09:48:00','2026-05-13 17:35:00','迟到','2026-05-25 01:46:49'),(67,4,'2026-05-12','2026-05-12 10:54:00','2026-05-12 17:23:00','迟到','2026-05-25 01:46:49'),(68,4,'2026-05-11','2026-05-11 08:58:00','2026-05-11 18:24:00','正常','2026-05-25 01:46:49'),(69,4,'2026-05-08','2026-05-08 09:40:00','2026-05-08 18:43:00','迟到','2026-05-25 01:46:49'),(70,4,'2026-05-07','2026-05-07 10:37:00','2026-05-07 19:07:00','迟到','2026-05-25 01:46:49'),(71,4,'2026-05-06','2026-05-06 08:06:00','2026-05-06 19:33:00','正常','2026-05-25 01:46:49'),(72,4,'2026-05-05','2026-05-05 09:06:00','2026-05-05 17:15:00','正常','2026-05-25 01:46:49'),(73,4,'2026-05-04','2026-05-04 08:44:00','2026-05-04 18:58:00','正常','2026-05-25 01:46:49'),(74,4,'2026-05-01','2026-05-01 10:59:00','2026-05-01 17:36:00','迟到','2026-05-25 01:46:49'),(75,4,'2026-04-30','2026-04-30 10:21:00','2026-04-30 17:33:00','正常','2026-05-25 01:46:49'),(76,4,'2026-04-29','2026-04-29 09:54:00','2026-04-29 19:59:00','迟到','2026-05-25 01:46:49'),(77,4,'2026-04-28','2026-04-28 08:01:00','2026-04-28 19:20:00','正常','2026-05-25 01:46:49'),(78,4,'2026-04-27','2026-04-27 10:29:00','2026-04-27 17:23:00','正常','2026-05-25 01:46:49'),(79,5,'2026-05-22','2026-05-22 08:48:00','2026-05-22 19:28:00','正常','2026-05-25 01:46:49'),(80,5,'2026-05-21','2026-05-21 08:10:00','2026-05-21 18:38:00','正常','2026-05-25 01:46:49'),(81,5,'2026-05-20','2026-05-20 09:52:00','2026-05-20 18:07:00','迟到','2026-05-25 01:46:49'),(82,5,'2026-05-19','2026-05-19 08:35:00','2026-05-19 17:36:00','正常','2026-05-25 01:46:49'),(83,5,'2026-05-18','2026-05-18 09:08:00','2026-05-18 17:35:00','正常','2026-05-25 01:46:49'),(84,5,'2026-05-15','2026-05-15 09:50:00','2026-05-15 17:17:00','迟到','2026-05-25 01:46:49'),(85,5,'2026-05-14','2026-05-14 09:00:00','2026-05-14 19:30:00','正常','2026-05-25 01:46:49'),(86,5,'2026-05-13','2026-05-13 08:29:00','2026-05-13 17:39:00','正常','2026-05-25 01:46:49'),(87,5,'2026-05-12','2026-05-12 08:17:00','2026-05-12 19:19:00','正常','2026-05-25 01:46:49'),(88,5,'2026-05-11','2026-05-11 09:12:00','2026-05-11 17:38:00','正常','2026-05-25 01:46:49'),(89,5,'2026-05-08','2026-05-08 08:41:00','2026-05-08 18:49:00','正常','2026-05-25 01:46:49'),(90,5,'2026-05-07','2026-05-07 08:44:00','2026-05-07 18:45:00','正常','2026-05-25 01:46:49'),(91,5,'2026-05-05','2026-05-05 10:19:00','2026-05-05 17:59:00','正常','2026-05-25 01:46:49'),(92,5,'2026-05-04','2026-05-04 10:16:00','2026-05-04 17:55:00','正常','2026-05-25 01:46:49'),(93,5,'2026-05-01','2026-05-01 09:28:00','2026-05-01 18:22:00','正常','2026-05-25 01:46:49'),(94,5,'2026-04-30','2026-04-30 09:30:00','2026-04-30 17:17:00','正常','2026-05-25 01:46:49'),(95,5,'2026-04-29','2026-04-29 08:45:00','2026-04-29 18:22:00','正常','2026-05-25 01:46:49'),(96,5,'2026-04-28','2026-04-28 08:21:00','2026-04-28 17:33:00','正常','2026-05-25 01:46:49'),(97,5,'2026-04-27','2026-04-27 10:09:00','2026-04-27 17:00:00','正常','2026-05-25 01:46:49'),(98,6,'2026-05-25','2026-05-25 08:17:00','2026-05-25 17:54:00','正常','2026-05-25 01:46:49'),(99,6,'2026-05-22','2026-05-22 09:33:00','2026-05-22 19:15:00','迟到','2026-05-25 01:46:49'),(100,6,'2026-05-21','2026-05-21 08:05:00','2026-05-21 19:40:00','正常','2026-05-25 01:46:49'),(101,6,'2026-05-20','2026-05-20 09:33:00','2026-05-20 18:25:00','迟到','2026-05-25 01:46:49'),(102,6,'2026-05-19','2026-05-19 08:48:00','2026-05-19 18:05:00','正常','2026-05-25 01:46:49'),(103,6,'2026-05-18','2026-05-18 10:49:00','2026-05-18 18:47:00','迟到','2026-05-25 01:46:49'),(104,6,'2026-05-15','2026-05-15 09:39:00','2026-05-15 18:03:00','迟到','2026-05-25 01:46:49'),(105,6,'2026-05-14','2026-05-14 08:56:00','2026-05-14 17:44:00','正常','2026-05-25 01:46:49'),(106,6,'2026-05-13','2026-05-13 10:36:00','2026-05-13 18:59:00','迟到','2026-05-25 01:46:49'),(107,6,'2026-05-12','2026-05-12 09:00:00','2026-05-12 18:36:00','正常','2026-05-25 01:46:49'),(108,6,'2026-05-11','2026-05-11 10:06:00','2026-05-11 19:18:00','正常','2026-05-25 01:46:49'),(109,6,'2026-05-08','2026-05-08 08:27:00','2026-05-08 19:00:00','正常','2026-05-25 01:46:49'),(110,6,'2026-05-07','2026-05-07 08:47:00','2026-05-07 19:47:00','正常','2026-05-25 01:46:49'),(111,6,'2026-05-06','2026-05-06 08:29:00','2026-05-06 18:12:00','正常','2026-05-25 01:46:49'),(112,6,'2026-05-05','2026-05-05 08:38:00','2026-05-05 17:19:00','正常','2026-05-25 01:46:49'),(113,6,'2026-05-04','2026-05-04 10:57:00','2026-05-04 18:18:00','迟到','2026-05-25 01:46:49'),(114,6,'2026-05-01','2026-05-01 10:05:00','2026-05-01 19:42:00','正常','2026-05-25 01:46:49'),(115,6,'2026-04-29','2026-04-29 08:10:00','2026-04-29 18:11:00','正常','2026-05-25 01:46:49'),(116,6,'2026-04-28','2026-04-28 08:57:00','2026-04-28 18:24:00','正常','2026-05-25 01:46:49'),(117,6,'2026-04-27','2026-04-27 08:18:00','2026-04-27 18:35:00','正常','2026-05-25 01:46:49'),(118,7,'2026-05-25','2026-05-25 08:08:00','2026-05-25 18:50:00','正常','2026-05-25 01:46:49'),(119,7,'2026-05-22','2026-05-22 08:24:00','2026-05-22 18:27:00','正常','2026-05-25 01:46:49'),(120,7,'2026-05-21','2026-05-21 10:50:00','2026-05-21 18:19:00','迟到','2026-05-25 01:46:49'),(121,7,'2026-05-20','2026-05-20 09:42:00','2026-05-20 19:04:00','迟到','2026-05-25 01:46:49'),(122,7,'2026-05-19','2026-05-19 08:32:00','2026-05-19 19:56:00','正常','2026-05-25 01:46:49'),(123,7,'2026-05-15','2026-05-15 10:21:00','2026-05-15 17:47:00','正常','2026-05-25 01:46:49'),(124,7,'2026-05-14','2026-05-14 08:28:00','2026-05-14 17:41:00','正常','2026-05-25 01:46:49'),(125,7,'2026-05-13','2026-05-13 09:34:00','2026-05-13 19:29:00','迟到','2026-05-25 01:46:49'),(126,7,'2026-05-12','2026-05-12 10:01:00','2026-05-12 17:49:00','正常','2026-05-25 01:46:49'),(127,7,'2026-05-11','2026-05-11 09:51:00','2026-05-11 17:27:00','迟到','2026-05-25 01:46:49'),(128,7,'2026-05-08','2026-05-08 09:03:00','2026-05-08 18:38:00','正常','2026-05-25 01:46:49'),(129,7,'2026-05-07','2026-05-07 10:20:00','2026-05-07 18:52:00','正常','2026-05-25 01:46:49'),(130,7,'2026-05-06','2026-05-06 09:02:00','2026-05-06 19:23:00','正常','2026-05-25 01:46:49'),(131,7,'2026-05-05','2026-05-05 10:58:00','2026-05-05 17:29:00','迟到','2026-05-25 01:46:49'),(132,7,'2026-05-04','2026-05-04 10:48:00','2026-05-04 18:15:00','迟到','2026-05-25 01:46:49'),(133,7,'2026-05-01','2026-05-01 09:51:00','2026-05-01 19:17:00','迟到','2026-05-25 01:46:49'),(134,7,'2026-04-30','2026-04-30 09:06:00','2026-04-30 19:50:00','正常','2026-05-25 01:46:49'),(135,7,'2026-04-29','2026-04-29 08:22:00','2026-04-29 17:49:00','正常','2026-05-25 01:46:49'),(136,7,'2026-04-28','2026-04-28 10:56:00','2026-04-28 19:47:00','迟到','2026-05-25 01:46:49'),(137,7,'2026-04-27','2026-04-27 08:40:00','2026-04-27 17:00:00','正常','2026-05-25 01:46:49'),(138,8,'2026-05-25','2026-05-25 08:23:00','2026-05-25 18:39:00','正常','2026-05-25 01:46:49'),(139,8,'2026-05-22','2026-05-22 10:43:00','2026-05-22 18:58:00','迟到','2026-05-25 01:46:49'),(140,8,'2026-05-21','2026-05-21 08:48:00','2026-05-21 18:47:00','正常','2026-05-25 01:46:49'),(141,8,'2026-05-20','2026-05-20 08:09:00','2026-05-20 19:29:00','正常','2026-05-25 01:46:49'),(142,8,'2026-05-19','2026-05-19 08:35:00','2026-05-19 18:55:00','正常','2026-05-25 01:46:49'),(143,8,'2026-05-18','2026-05-18 08:34:00','2026-05-18 18:41:00','正常','2026-05-25 01:46:49'),(144,8,'2026-05-15','2026-05-15 10:33:00','2026-05-15 17:52:00','迟到','2026-05-25 01:46:49'),(145,8,'2026-05-14','2026-05-14 10:47:00','2026-05-14 19:32:00','迟到','2026-05-25 01:46:49'),(146,8,'2026-05-13','2026-05-13 09:13:00','2026-05-13 17:44:00','正常','2026-05-25 01:46:49'),(147,8,'2026-05-12','2026-05-12 08:50:00','2026-05-12 17:23:00','正常','2026-05-25 01:46:49'),(148,8,'2026-05-11','2026-05-11 10:36:00','2026-05-11 17:11:00','迟到','2026-05-25 01:46:49'),(149,8,'2026-05-07','2026-05-07 09:50:00','2026-05-07 18:40:00','迟到','2026-05-25 01:46:49'),(150,8,'2026-05-06','2026-05-06 08:46:00','2026-05-06 18:45:00','正常','2026-05-25 01:46:49'),(151,8,'2026-05-05','2026-05-05 09:57:00','2026-05-05 17:14:00','迟到','2026-05-25 01:46:49'),(152,8,'2026-05-04','2026-05-04 09:18:00','2026-05-04 19:16:00','正常','2026-05-25 01:46:49'),(153,8,'2026-05-01','2026-05-01 09:38:00','2026-05-01 19:51:00','迟到','2026-05-25 01:46:49'),(154,8,'2026-04-30','2026-04-30 10:28:00','2026-04-30 19:55:00','正常','2026-05-25 01:46:49'),(155,8,'2026-04-29','2026-04-29 09:29:00','2026-04-29 17:10:00','正常','2026-05-25 01:46:49'),(156,8,'2026-04-28','2026-04-28 10:37:00','2026-04-28 19:32:00','迟到','2026-05-25 01:46:49'),(157,8,'2026-04-27','2026-04-27 08:05:00','2026-04-27 18:03:00','正常','2026-05-25 01:46:49'),(158,9,'2026-05-25','2026-05-25 09:47:00','2026-05-25 19:34:00','迟到','2026-05-25 01:46:49'),(159,9,'2026-05-22','2026-05-22 10:22:00','2026-05-22 18:06:00','正常','2026-05-25 01:46:49'),(160,9,'2026-05-21','2026-05-21 10:56:00','2026-05-21 17:00:00','迟到','2026-05-25 01:46:49'),(161,9,'2026-05-20','2026-05-20 09:59:00','2026-05-20 17:01:00','迟到','2026-05-25 01:46:49'),(162,9,'2026-05-19','2026-05-19 09:28:00','2026-05-19 18:39:00','正常','2026-05-25 01:46:49'),(163,9,'2026-05-18','2026-05-18 10:29:00','2026-05-18 19:38:00','正常','2026-05-25 01:46:49'),(164,9,'2026-05-15','2026-05-15 08:03:00','2026-05-15 17:12:00','正常','2026-05-25 01:46:49'),(165,9,'2026-05-14','2026-05-14 08:32:00','2026-05-14 19:51:00','正常','2026-05-25 01:46:49'),(166,9,'2026-05-13','2026-05-13 09:18:00','2026-05-13 19:16:00','正常','2026-05-25 01:46:49'),(167,9,'2026-05-12','2026-05-12 09:03:00','2026-05-12 18:56:00','正常','2026-05-25 01:46:49'),(168,9,'2026-05-11','2026-05-11 08:01:00','2026-05-11 18:36:00','正常','2026-05-25 01:46:49'),(169,9,'2026-05-08','2026-05-08 10:44:00','2026-05-08 19:32:00','迟到','2026-05-25 01:46:49'),(170,9,'2026-05-07','2026-05-07 09:34:00','2026-05-07 18:10:00','迟到','2026-05-25 01:46:49'),(171,9,'2026-05-05','2026-05-05 08:51:00','2026-05-05 17:38:00','正常','2026-05-25 01:46:49'),(172,9,'2026-05-04','2026-05-04 09:13:00','2026-05-04 19:04:00','正常','2026-05-25 01:46:49'),(173,9,'2026-05-01','2026-05-01 10:14:00','2026-05-01 18:00:00','正常','2026-05-25 01:46:49'),(174,9,'2026-04-30','2026-04-30 08:10:00','2026-04-30 17:30:00','正常','2026-05-25 01:46:49'),(175,9,'2026-04-28','2026-04-28 08:34:00','2026-04-28 18:12:00','正常','2026-05-25 01:46:49'),(176,9,'2026-04-27','2026-04-27 08:06:00','2026-04-27 19:49:00','正常','2026-05-25 01:46:49'),(177,10,'2026-05-22','2026-05-22 08:39:00','2026-05-22 19:12:00','正常','2026-05-25 01:46:49'),(178,10,'2026-05-21','2026-05-21 08:06:00','2026-05-21 19:13:00','正常','2026-05-25 01:46:49'),(179,10,'2026-05-20','2026-05-20 08:12:00','2026-05-20 18:23:00','正常','2026-05-25 01:46:49'),(180,10,'2026-05-19','2026-05-19 10:03:00','2026-05-19 18:35:00','正常','2026-05-25 01:46:49'),(181,10,'2026-05-18','2026-05-18 10:48:00','2026-05-18 19:59:00','迟到','2026-05-25 01:46:49'),(182,10,'2026-05-15','2026-05-15 10:36:00','2026-05-15 17:33:00','迟到','2026-05-25 01:46:49'),(183,10,'2026-05-14','2026-05-14 10:02:00','2026-05-14 17:21:00','正常','2026-05-25 01:46:49'),(184,10,'2026-05-13','2026-05-13 10:35:00','2026-05-13 19:41:00','迟到','2026-05-25 01:46:49'),(185,10,'2026-05-12','2026-05-12 09:37:00','2026-05-12 18:22:00','迟到','2026-05-25 01:46:49'),(186,10,'2026-05-11','2026-05-11 08:32:00','2026-05-11 17:27:00','正常','2026-05-25 01:46:49'),(187,10,'2026-05-07','2026-05-07 08:56:00','2026-05-07 19:49:00','正常','2026-05-25 01:46:49'),(188,10,'2026-05-05','2026-05-05 09:13:00','2026-05-05 17:28:00','正常','2026-05-25 01:46:49'),(189,10,'2026-05-04','2026-05-04 08:16:00','2026-05-04 17:27:00','正常','2026-05-25 01:46:49'),(190,10,'2026-05-01','2026-05-01 08:16:00','2026-05-01 19:54:00','正常','2026-05-25 01:46:49'),(191,10,'2026-04-30','2026-04-30 08:33:00','2026-04-30 19:28:00','正常','2026-05-25 01:46:49'),(192,10,'2026-04-29','2026-04-29 10:51:00','2026-04-29 19:14:00','迟到','2026-05-25 01:46:49'),(193,10,'2026-04-28','2026-04-28 09:14:00','2026-04-28 18:44:00','正常','2026-05-25 01:46:49'),(194,10,'2026-04-27','2026-04-27 10:12:00','2026-04-27 17:43:00','正常','2026-05-25 01:46:49'),(195,11,'2026-05-25','2026-05-25 10:55:00','2026-05-25 18:55:00','迟到','2026-05-25 01:46:49'),(196,11,'2026-05-21','2026-05-21 08:33:00','2026-05-21 18:45:00','正常','2026-05-25 01:46:49'),(197,11,'2026-05-20','2026-05-20 10:10:00','2026-05-20 17:59:00','正常','2026-05-25 01:46:49'),(198,11,'2026-05-19','2026-05-19 08:07:00','2026-05-19 19:28:00','正常','2026-05-25 01:46:49'),(199,11,'2026-05-15','2026-05-15 08:45:00','2026-05-15 17:03:00','正常','2026-05-25 01:46:49'),(200,11,'2026-05-14','2026-05-14 08:35:00','2026-05-14 17:14:00','正常','2026-05-25 01:46:49'),(201,11,'2026-05-13','2026-05-13 10:55:00','2026-05-13 18:46:00','迟到','2026-05-25 01:46:49'),(202,11,'2026-05-12','2026-05-12 10:07:00','2026-05-12 18:51:00','正常','2026-05-25 01:46:49'),(203,11,'2026-05-11','2026-05-11 09:35:00','2026-05-11 19:38:00','迟到','2026-05-25 01:46:49'),(204,11,'2026-05-08','2026-05-08 10:14:00','2026-05-08 17:22:00','正常','2026-05-25 01:46:49'),(205,11,'2026-05-07','2026-05-07 10:02:00','2026-05-07 18:22:00','正常','2026-05-25 01:46:49'),(206,11,'2026-05-06','2026-05-06 10:37:00','2026-05-06 19:11:00','迟到','2026-05-25 01:46:49'),(207,11,'2026-05-05','2026-05-05 10:59:00','2026-05-05 19:12:00','迟到','2026-05-25 01:46:49'),(208,11,'2026-05-04','2026-05-04 08:00:00','2026-05-04 19:42:00','正常','2026-05-25 01:46:49'),(209,11,'2026-05-01','2026-05-01 10:59:00','2026-05-01 19:21:00','迟到','2026-05-25 01:46:49'),(210,11,'2026-04-30','2026-04-30 08:21:00','2026-04-30 18:06:00','正常','2026-05-25 01:46:49'),(211,11,'2026-04-29','2026-04-29 09:14:00','2026-04-29 19:15:00','正常','2026-05-25 01:46:49'),(212,11,'2026-04-28','2026-04-28 10:03:00','2026-04-28 19:11:00','正常','2026-05-25 01:46:49'),(213,11,'2026-04-27','2026-04-27 10:33:00','2026-04-27 18:47:00','迟到','2026-05-25 01:46:49'),(214,12,'2026-05-25','2026-05-25 10:36:00','2026-05-25 18:33:00','迟到','2026-05-25 01:46:49'),(215,12,'2026-05-22','2026-05-22 09:43:00','2026-05-22 19:01:00','迟到','2026-05-25 01:46:49'),(216,12,'2026-05-21','2026-05-21 09:37:00','2026-05-21 17:29:00','迟到','2026-05-25 01:46:49'),(217,12,'2026-05-20','2026-05-20 10:23:00','2026-05-20 17:45:00','正常','2026-05-25 01:46:49'),(218,12,'2026-05-19','2026-05-19 09:32:00','2026-05-19 18:46:00','迟到','2026-05-25 01:46:49'),(219,12,'2026-05-18','2026-05-18 08:12:00','2026-05-18 19:51:00','正常','2026-05-25 01:46:49'),(220,12,'2026-05-15','2026-05-15 08:33:00','2026-05-15 17:02:00','正常','2026-05-25 01:46:49'),(221,12,'2026-05-14','2026-05-14 08:00:00','2026-05-14 18:26:00','正常','2026-05-25 01:46:49'),(222,12,'2026-05-13','2026-05-13 10:22:00','2026-05-13 17:40:00','正常','2026-05-25 01:46:49'),(223,12,'2026-05-12','2026-05-12 08:02:00','2026-05-12 18:14:00','正常','2026-05-25 01:46:49'),(224,12,'2026-05-11','2026-05-11 10:55:00','2026-05-11 19:03:00','迟到','2026-05-25 01:46:49'),(225,12,'2026-05-08','2026-05-08 09:27:00','2026-05-08 18:57:00','正常','2026-05-25 01:46:49'),(226,12,'2026-05-07','2026-05-07 08:15:00','2026-05-07 17:34:00','正常','2026-05-25 01:46:49'),(227,12,'2026-05-06','2026-05-06 10:10:00','2026-05-06 18:39:00','正常','2026-05-25 01:46:49'),(228,12,'2026-05-05','2026-05-05 08:37:00','2026-05-05 19:36:00','正常','2026-05-25 01:46:49'),(229,12,'2026-05-04','2026-05-04 10:47:00','2026-05-04 17:03:00','迟到','2026-05-25 01:46:49'),(230,12,'2026-05-01','2026-05-01 10:01:00','2026-05-01 17:47:00','正常','2026-05-25 01:46:49'),(231,12,'2026-04-29','2026-04-29 08:57:00','2026-04-29 19:54:00','正常','2026-05-25 01:46:49'),(232,12,'2026-04-28','2026-04-28 08:26:00','2026-04-28 17:45:00','正常','2026-05-25 01:46:49'),(233,12,'2026-04-27','2026-04-27 08:48:00','2026-04-27 18:03:00','正常','2026-05-25 01:46:49'),(234,13,'2026-05-25','2026-05-25 10:54:00','2026-05-25 17:29:00','迟到','2026-05-25 01:46:49'),(235,13,'2026-05-22','2026-05-22 09:10:00','2026-05-22 19:16:00','正常','2026-05-25 01:46:49'),(236,13,'2026-05-21','2026-05-21 10:38:00','2026-05-21 17:57:00','迟到','2026-05-25 01:46:49'),(237,13,'2026-05-20','2026-05-20 08:12:00','2026-05-20 17:54:00','正常','2026-05-25 01:46:49'),(238,13,'2026-05-19','2026-05-19 08:42:00','2026-05-19 17:38:00','正常','2026-05-25 01:46:49'),(239,13,'2026-05-18','2026-05-18 09:35:00','2026-05-18 18:13:00','迟到','2026-05-25 01:46:49'),(240,13,'2026-05-15','2026-05-15 09:52:00','2026-05-15 18:14:00','迟到','2026-05-25 01:46:49'),(241,13,'2026-05-14','2026-05-14 08:35:00','2026-05-14 19:04:00','正常','2026-05-25 01:46:49'),(242,13,'2026-05-13','2026-05-13 10:44:00','2026-05-13 19:26:00','迟到','2026-05-25 01:46:49'),(243,13,'2026-05-12','2026-05-12 09:24:00','2026-05-12 19:18:00','正常','2026-05-25 01:46:49'),(244,13,'2026-05-11','2026-05-11 09:33:00','2026-05-11 17:50:00','迟到','2026-05-25 01:46:49'),(245,13,'2026-05-08','2026-05-08 10:30:00','2026-05-08 18:41:00','正常','2026-05-25 01:46:49'),(246,13,'2026-05-06','2026-05-06 09:07:00','2026-05-06 19:55:00','正常','2026-05-25 01:46:49'),(247,13,'2026-05-05','2026-05-05 08:29:00','2026-05-05 19:19:00','正常','2026-05-25 01:46:49'),(248,13,'2026-05-04','2026-05-04 08:12:00','2026-05-04 19:40:00','正常','2026-05-25 01:46:49'),(249,13,'2026-05-01','2026-05-01 09:09:00','2026-05-01 17:57:00','正常','2026-05-25 01:46:49'),(250,13,'2026-04-30','2026-04-30 08:54:00','2026-04-30 17:08:00','正常','2026-05-25 01:46:49'),(251,13,'2026-04-29','2026-04-29 09:16:00','2026-04-29 17:49:00','正常','2026-05-25 01:46:49'),(252,13,'2026-04-28','2026-04-28 10:04:00','2026-04-28 17:14:00','正常','2026-05-25 01:46:49'),(253,13,'2026-04-27','2026-04-27 08:07:00','2026-04-27 18:34:00','正常','2026-05-25 01:46:49'),(254,14,'2026-05-25','2026-05-25 09:54:00','2026-05-25 19:55:00','迟到','2026-05-25 01:46:49'),(255,14,'2026-05-22','2026-05-22 08:48:00','2026-05-22 18:20:00','正常','2026-05-25 01:46:49'),(256,14,'2026-05-21','2026-05-21 09:26:00','2026-05-21 17:22:00','正常','2026-05-25 01:46:49'),(257,14,'2026-05-20','2026-05-20 09:36:00','2026-05-20 18:37:00','迟到','2026-05-25 01:46:49'),(258,14,'2026-05-19','2026-05-19 09:46:00','2026-05-19 17:34:00','迟到','2026-05-25 01:46:49'),(259,14,'2026-05-18','2026-05-18 10:10:00','2026-05-18 18:54:00','正常','2026-05-25 01:46:49'),(260,14,'2026-05-15','2026-05-15 09:39:00','2026-05-15 18:11:00','迟到','2026-05-25 01:46:49'),(261,14,'2026-05-14','2026-05-14 08:39:00','2026-05-14 17:31:00','正常','2026-05-25 01:46:49'),(262,14,'2026-05-13','2026-05-13 09:08:00','2026-05-13 19:22:00','正常','2026-05-25 01:46:49'),(263,14,'2026-05-12','2026-05-12 08:23:00','2026-05-12 17:08:00','正常','2026-05-25 01:46:49'),(264,14,'2026-05-11','2026-05-11 10:32:00','2026-05-11 18:15:00','迟到','2026-05-25 01:46:49'),(265,14,'2026-05-07','2026-05-07 10:59:00','2026-05-07 17:52:00','迟到','2026-05-25 01:46:49'),(266,14,'2026-05-06','2026-05-06 08:57:00','2026-05-06 19:52:00','正常','2026-05-25 01:46:49'),(267,14,'2026-05-05','2026-05-05 09:11:00','2026-05-05 19:58:00','正常','2026-05-25 01:46:49'),(268,14,'2026-05-04','2026-05-04 10:19:00','2026-05-04 19:07:00','正常','2026-05-25 01:46:49'),(269,14,'2026-05-01','2026-05-01 08:52:00','2026-05-01 17:44:00','正常','2026-05-25 01:46:49'),(270,14,'2026-04-30','2026-04-30 09:12:00','2026-04-30 17:46:00','正常','2026-05-25 01:46:49'),(271,14,'2026-04-29','2026-04-29 10:22:00','2026-04-29 19:50:00','正常','2026-05-25 01:46:49'),(272,14,'2026-04-28','2026-04-28 10:20:00','2026-04-28 19:54:00','正常','2026-05-25 01:46:49'),(273,14,'2026-04-27','2026-04-27 10:18:00','2026-04-27 18:49:00','正常','2026-05-25 01:46:49'),(274,15,'2026-05-25','2026-05-25 08:50:00','2026-05-25 18:24:00','正常','2026-05-25 01:46:49'),(275,15,'2026-05-22','2026-05-22 08:31:00','2026-05-22 19:37:00','正常','2026-05-25 01:46:49'),(276,15,'2026-05-21','2026-05-21 08:49:00','2026-05-21 19:29:00','正常','2026-05-25 01:46:49'),(277,15,'2026-05-20','2026-05-20 10:32:00','2026-05-20 18:26:00','迟到','2026-05-25 01:46:49'),(278,15,'2026-05-19','2026-05-19 09:57:00','2026-05-19 19:51:00','迟到','2026-05-25 01:46:49'),(279,15,'2026-05-18','2026-05-18 09:26:00','2026-05-18 18:22:00','正常','2026-05-25 01:46:49'),(280,15,'2026-05-15','2026-05-15 08:55:00','2026-05-15 18:17:00','正常','2026-05-25 01:46:49'),(281,15,'2026-05-14','2026-05-14 08:42:00','2026-05-14 18:37:00','正常','2026-05-25 01:46:49'),(282,15,'2026-05-13','2026-05-13 09:58:00','2026-05-13 18:28:00','迟到','2026-05-25 01:46:49'),(283,15,'2026-05-12','2026-05-12 08:35:00','2026-05-12 19:29:00','正常','2026-05-25 01:46:49'),(284,15,'2026-05-11','2026-05-11 09:05:00','2026-05-11 19:36:00','正常','2026-05-25 01:46:49'),(285,15,'2026-05-08','2026-05-08 09:54:00','2026-05-08 18:32:00','迟到','2026-05-25 01:46:49'),(286,15,'2026-05-07','2026-05-07 08:58:00','2026-05-07 17:17:00','正常','2026-05-25 01:46:49'),(287,15,'2026-05-06','2026-05-06 08:55:00','2026-05-06 18:16:00','正常','2026-05-25 01:46:49'),(288,15,'2026-05-05','2026-05-05 09:39:00','2026-05-05 18:04:00','迟到','2026-05-25 01:46:49'),(289,15,'2026-05-04','2026-05-04 10:48:00','2026-05-04 17:07:00','迟到','2026-05-25 01:46:49'),(290,15,'2026-05-01','2026-05-01 09:18:00','2026-05-01 19:45:00','正常','2026-05-25 01:46:49'),(291,15,'2026-04-30','2026-04-30 10:32:00','2026-04-30 17:21:00','迟到','2026-05-25 01:46:49'),(292,15,'2026-04-29','2026-04-29 09:29:00','2026-04-29 18:47:00','正常','2026-05-25 01:46:49'),(293,15,'2026-04-28','2026-04-28 10:44:00','2026-04-28 17:11:00','迟到','2026-05-25 01:46:49'),(294,15,'2026-04-27','2026-04-27 08:10:00','2026-04-27 19:04:00','正常','2026-05-25 01:46:49'),(295,16,'2026-05-25','2026-05-25 08:34:00','2026-05-25 17:00:00','正常','2026-05-25 01:46:49'),(296,16,'2026-05-22','2026-05-22 09:17:00','2026-05-22 18:10:00','正常','2026-05-25 01:46:49'),(297,16,'2026-05-20','2026-05-20 10:16:00','2026-05-20 17:34:00','正常','2026-05-25 01:46:49'),(298,16,'2026-05-19','2026-05-19 09:28:00','2026-05-19 19:53:00','正常','2026-05-25 01:46:49'),(299,16,'2026-05-18','2026-05-18 10:48:00','2026-05-18 19:13:00','迟到','2026-05-25 01:46:49'),(300,16,'2026-05-15','2026-05-15 10:31:00','2026-05-15 17:46:00','迟到','2026-05-25 01:46:49'),(301,16,'2026-05-14','2026-05-14 10:56:00','2026-05-14 19:17:00','迟到','2026-05-25 01:46:49'),(302,16,'2026-05-13','2026-05-13 10:39:00','2026-05-13 17:16:00','迟到','2026-05-25 01:46:49'),(303,16,'2026-05-12','2026-05-12 09:38:00','2026-05-12 18:28:00','迟到','2026-05-25 01:46:49'),(304,16,'2026-05-11','2026-05-11 08:48:00','2026-05-11 19:52:00','正常','2026-05-25 01:46:49'),(305,16,'2026-05-08','2026-05-08 08:25:00','2026-05-08 18:06:00','正常','2026-05-25 01:46:49'),(306,16,'2026-05-07','2026-05-07 08:16:00','2026-05-07 17:18:00','正常','2026-05-25 01:46:49'),(307,16,'2026-05-06','2026-05-06 08:56:00','2026-05-06 18:22:00','正常','2026-05-25 01:46:49'),(308,16,'2026-05-05','2026-05-05 08:10:00','2026-05-05 19:27:00','正常','2026-05-25 01:46:49'),(309,16,'2026-05-04','2026-05-04 08:39:00','2026-05-04 17:14:00','正常','2026-05-25 01:46:49'),(310,16,'2026-05-01','2026-05-01 08:23:00','2026-05-01 17:18:00','正常','2026-05-25 01:46:49'),(311,16,'2026-04-30','2026-04-30 09:22:00','2026-04-30 17:42:00','正常','2026-05-25 01:46:49'),(312,16,'2026-04-29','2026-04-29 09:34:00','2026-04-29 19:24:00','迟到','2026-05-25 01:46:49'),(313,16,'2026-04-28','2026-04-28 09:19:00','2026-04-28 19:50:00','正常','2026-05-25 01:46:49'),(314,16,'2026-04-27','2026-04-27 08:52:00','2026-04-27 18:17:00','正常','2026-05-25 01:46:49'),(315,17,'2026-05-25','2026-05-25 10:21:00','2026-05-25 17:48:00','正常','2026-05-25 01:46:49'),(316,17,'2026-05-22','2026-05-22 09:13:00','2026-05-22 17:26:00','正常','2026-05-25 01:46:49'),(317,17,'2026-05-21','2026-05-21 09:14:00','2026-05-21 18:23:00','正常','2026-05-25 01:46:49'),(318,17,'2026-05-20','2026-05-20 08:01:00','2026-05-20 19:06:00','正常','2026-05-25 01:46:49'),(319,17,'2026-05-19','2026-05-19 08:29:00','2026-05-19 19:04:00','正常','2026-05-25 01:46:49'),(320,17,'2026-05-18','2026-05-18 10:34:00','2026-05-18 19:51:00','迟到','2026-05-25 01:46:49'),(321,17,'2026-05-15','2026-05-15 10:01:00','2026-05-15 17:54:00','正常','2026-05-25 01:46:49'),(322,17,'2026-05-14','2026-05-14 09:26:00','2026-05-14 17:33:00','正常','2026-05-25 01:46:49'),(323,17,'2026-05-13','2026-05-13 09:23:00','2026-05-13 18:46:00','正常','2026-05-25 01:46:49'),(324,17,'2026-05-11','2026-05-11 10:49:00','2026-05-11 18:08:00','迟到','2026-05-25 01:46:49'),(325,17,'2026-05-08','2026-05-08 10:14:00','2026-05-08 17:38:00','正常','2026-05-25 01:46:49'),(326,17,'2026-05-07','2026-05-07 08:47:00','2026-05-07 18:17:00','正常','2026-05-25 01:46:49'),(327,17,'2026-05-06','2026-05-06 10:05:00','2026-05-06 18:59:00','正常','2026-05-25 01:46:49'),(328,17,'2026-05-04','2026-05-04 10:57:00','2026-05-04 19:11:00','迟到','2026-05-25 01:46:49'),(329,17,'2026-05-01','2026-05-01 09:03:00','2026-05-01 18:10:00','正常','2026-05-25 01:46:49'),(330,17,'2026-04-30','2026-04-30 10:15:00','2026-04-30 18:48:00','正常','2026-05-25 01:46:49'),(331,17,'2026-04-29','2026-04-29 10:31:00','2026-04-29 18:18:00','迟到','2026-05-25 01:46:49'),(332,17,'2026-04-28','2026-04-28 08:02:00','2026-04-28 17:23:00','正常','2026-05-25 01:46:49'),(333,18,'2026-05-25','2026-05-25 10:59:00','2026-05-25 18:23:00','迟到','2026-05-25 01:46:49'),(334,18,'2026-05-22','2026-05-22 10:07:00','2026-05-22 17:15:00','正常','2026-05-25 01:46:49'),(335,18,'2026-05-21','2026-05-21 10:33:00','2026-05-21 18:47:00','迟到','2026-05-25 01:46:49'),(336,18,'2026-05-20','2026-05-20 09:43:00','2026-05-20 18:10:00','迟到','2026-05-25 01:46:49'),(337,18,'2026-05-19','2026-05-19 10:05:00','2026-05-19 19:08:00','正常','2026-05-25 01:46:49'),(338,18,'2026-05-18','2026-05-18 10:36:00','2026-05-18 17:36:00','迟到','2026-05-25 01:46:49'),(339,18,'2026-05-15','2026-05-15 09:01:00','2026-05-15 19:26:00','正常','2026-05-25 01:46:49'),(340,18,'2026-05-14','2026-05-14 08:50:00','2026-05-14 19:56:00','正常','2026-05-25 01:46:49'),(341,18,'2026-05-13','2026-05-13 10:59:00','2026-05-13 18:15:00','迟到','2026-05-25 01:46:49'),(342,18,'2026-05-12','2026-05-12 08:33:00','2026-05-12 18:20:00','正常','2026-05-25 01:46:49'),(343,18,'2026-05-11','2026-05-11 10:38:00','2026-05-11 18:38:00','迟到','2026-05-25 01:46:49'),(344,18,'2026-05-08','2026-05-08 08:06:00','2026-05-08 19:22:00','正常','2026-05-25 01:46:49'),(345,18,'2026-05-07','2026-05-07 09:45:00','2026-05-07 19:57:00','迟到','2026-05-25 01:46:49'),(346,18,'2026-05-06','2026-05-06 09:59:00','2026-05-06 19:40:00','迟到','2026-05-25 01:46:49'),(347,18,'2026-05-05','2026-05-05 10:47:00','2026-05-05 18:55:00','迟到','2026-05-25 01:46:49'),(348,18,'2026-05-04','2026-05-04 10:02:00','2026-05-04 19:50:00','正常','2026-05-25 01:46:49'),(349,18,'2026-05-01','2026-05-01 10:10:00','2026-05-01 18:48:00','正常','2026-05-25 01:46:49'),(350,18,'2026-04-30','2026-04-30 09:48:00','2026-04-30 17:03:00','迟到','2026-05-25 01:46:49'),(351,18,'2026-04-29','2026-04-29 09:30:00','2026-04-29 17:18:00','正常','2026-05-25 01:46:49'),(352,18,'2026-04-28','2026-04-28 10:15:00','2026-04-28 18:24:00','正常','2026-05-25 01:46:49'),(353,19,'2026-05-25','2026-05-25 10:55:00','2026-05-25 18:31:00','迟到','2026-05-25 01:46:49'),(354,19,'2026-05-22','2026-05-22 10:16:00','2026-05-22 17:53:00','正常','2026-05-25 01:46:49'),(355,19,'2026-05-21','2026-05-21 09:56:00','2026-05-21 19:12:00','迟到','2026-05-25 01:46:49'),(356,19,'2026-05-20','2026-05-20 08:47:00','2026-05-20 19:22:00','正常','2026-05-25 01:46:49'),(357,19,'2026-05-19','2026-05-19 08:04:00','2026-05-19 17:02:00','正常','2026-05-25 01:46:49'),(358,19,'2026-05-18','2026-05-18 10:40:00','2026-05-18 18:07:00','迟到','2026-05-25 01:46:49'),(359,19,'2026-05-15','2026-05-15 10:30:00','2026-05-15 19:33:00','正常','2026-05-25 01:46:49'),(360,19,'2026-05-14','2026-05-14 08:25:00','2026-05-14 18:37:00','正常','2026-05-25 01:46:49'),(361,19,'2026-05-13','2026-05-13 09:04:00','2026-05-13 17:53:00','正常','2026-05-25 01:46:49'),(362,19,'2026-05-12','2026-05-12 10:29:00','2026-05-12 17:38:00','正常','2026-05-25 01:46:49'),(363,19,'2026-05-08','2026-05-08 10:09:00','2026-05-08 19:24:00','正常','2026-05-25 01:46:49'),(364,19,'2026-05-07','2026-05-07 10:51:00','2026-05-07 18:51:00','迟到','2026-05-25 01:46:49'),(365,19,'2026-05-06','2026-05-06 08:12:00','2026-05-06 19:52:00','正常','2026-05-25 01:46:49'),(366,19,'2026-05-05','2026-05-05 08:31:00','2026-05-05 17:10:00','正常','2026-05-25 01:46:49'),(367,19,'2026-05-04','2026-05-04 09:10:00','2026-05-04 18:08:00','正常','2026-05-25 01:46:49'),(368,19,'2026-05-01','2026-05-01 09:54:00','2026-05-01 19:36:00','迟到','2026-05-25 01:46:49'),(369,19,'2026-04-30','2026-04-30 08:02:00','2026-04-30 17:26:00','正常','2026-05-25 01:46:49'),(370,19,'2026-04-29','2026-04-29 09:28:00','2026-04-29 17:23:00','正常','2026-05-25 01:46:49'),(371,19,'2026-04-28','2026-04-28 10:18:00','2026-04-28 17:56:00','正常','2026-05-25 01:46:49'),(372,19,'2026-04-27','2026-04-27 10:08:00','2026-04-27 18:39:00','正常','2026-05-25 01:46:49'),(373,20,'2026-05-25','2026-05-25 10:08:00','2026-05-25 19:59:00','正常','2026-05-25 01:46:49'),(374,20,'2026-05-22','2026-05-22 08:53:00','2026-05-22 18:56:00','正常','2026-05-25 01:46:49'),(375,20,'2026-05-21','2026-05-21 10:13:00','2026-05-21 18:21:00','正常','2026-05-25 01:46:49'),(376,20,'2026-05-20','2026-05-20 08:19:00','2026-05-20 19:10:00','正常','2026-05-25 01:46:49'),(377,20,'2026-05-19','2026-05-19 10:36:00','2026-05-19 19:47:00','迟到','2026-05-25 01:46:49'),(378,20,'2026-05-18','2026-05-18 08:27:00','2026-05-18 18:19:00','正常','2026-05-25 01:46:49'),(379,20,'2026-05-15','2026-05-15 08:54:00','2026-05-15 17:36:00','正常','2026-05-25 01:46:49'),(380,20,'2026-05-14','2026-05-14 10:39:00','2026-05-14 19:32:00','迟到','2026-05-25 01:46:49'),(381,20,'2026-05-13','2026-05-13 10:42:00','2026-05-13 18:55:00','迟到','2026-05-25 01:46:49'),(382,20,'2026-05-12','2026-05-12 08:13:00','2026-05-12 17:01:00','正常','2026-05-25 01:46:49'),(383,20,'2026-05-11','2026-05-11 09:29:00','2026-05-11 17:24:00','正常','2026-05-25 01:46:49'),(384,20,'2026-05-08','2026-05-08 09:41:00','2026-05-08 19:46:00','迟到','2026-05-25 01:46:49'),(385,20,'2026-05-07','2026-05-07 08:03:00','2026-05-07 17:15:00','正常','2026-05-25 01:46:49'),(386,20,'2026-05-06','2026-05-06 10:44:00','2026-05-06 18:08:00','迟到','2026-05-25 01:46:49'),(387,20,'2026-05-05','2026-05-05 08:13:00','2026-05-05 19:37:00','正常','2026-05-25 01:46:49'),(388,20,'2026-05-04','2026-05-04 08:47:00','2026-05-04 18:36:00','正常','2026-05-25 01:46:49'),(389,20,'2026-05-01','2026-05-01 10:48:00','2026-05-01 19:56:00','迟到','2026-05-25 01:46:49'),(390,20,'2026-04-30','2026-04-30 10:47:00','2026-04-30 17:19:00','迟到','2026-05-25 01:46:49'),(391,20,'2026-04-29','2026-04-29 10:02:00','2026-04-29 18:49:00','正常','2026-05-25 01:46:49'),(392,20,'2026-04-28','2026-04-28 10:10:00','2026-04-28 19:11:00','正常','2026-05-25 01:46:49'),(393,20,'2026-04-27','2026-04-27 09:46:00','2026-04-27 17:15:00','迟到','2026-05-25 01:46:49');
/*!40000 ALTER TABLE `attendance` ENABLE KEYS */;
UNLOCK TABLES;

--
-- Table structure for table `leave_request`
--

DROP TABLE IF EXISTS `leave_request`;
/*!40101 SET @saved_cs_client     = @@character_set_client */;
/*!50503 SET character_set_client = utf8mb4 */;
CREATE TABLE `leave_request` (
  `id` int NOT NULL AUTO_INCREMENT,
  `employee_id` int NOT NULL,
  `start_date` date NOT NULL,
  `end_date` date NOT NULL,
  `reason` text COLLATE utf8mb4_unicode_ci,
  `status` varchar(20) COLLATE utf8mb4_unicode_ci DEFAULT NULL,
  `created_at` datetime DEFAULT NULL,
  PRIMARY KEY (`id`),
  KEY `employee_id` (`employee_id`),
  CONSTRAINT `leave_request_ibfk_1` FOREIGN KEY (`employee_id`) REFERENCES `employee` (`id`)
) ENGINE=InnoDB AUTO_INCREMENT=6 DEFAULT CHARSET=utf8mb4 COLLATE=utf8mb4_unicode_ci;
/*!40101 SET character_set_client = @saved_cs_client */;

--
-- Dumping data for table `leave_request`
--

LOCK TABLES `leave_request` WRITE;
/*!40000 ALTER TABLE `leave_request` DISABLE KEYS */;
INSERT INTO `leave_request` VALUES (1,20,'2026-05-27','2026-06-26','事假','rejected','2026-05-25 01:46:49'),(2,11,'2026-06-11','2026-06-26','事假','pending','2026-05-25 01:46:49'),(3,17,'2026-05-26','2026-06-28','年假','approved','2026-05-25 01:46:49'),(4,18,'2026-06-15','2026-06-25','调休','approved','2026-05-25 01:46:49'),(5,11,'2026-05-31','2026-06-27','调休','rejected','2026-05-25 01:46:49');
/*!40000 ALTER TABLE `leave_request` ENABLE KEYS */;
UNLOCK TABLES;

--
-- Table structure for table `salary`
--

DROP TABLE IF EXISTS `salary`;
/*!40101 SET @saved_cs_client     = @@character_set_client */;
/*!50503 SET character_set_client = utf8mb4 */;
CREATE TABLE `salary` (
  `id` int NOT NULL AUTO_INCREMENT,
  `employee_id` int NOT NULL,
  `month` varchar(7) COLLATE utf8mb4_unicode_ci NOT NULL,
  `base_salary` float DEFAULT NULL,
  `bonus` float DEFAULT NULL,
  `deduction` float DEFAULT NULL,
  `total` float DEFAULT NULL,
  `status` varchar(20) COLLATE utf8mb4_unicode_ci DEFAULT NULL,
  `created_at` datetime DEFAULT NULL,
  PRIMARY KEY (`id`),
  KEY `employee_id` (`employee_id`),
  CONSTRAINT `salary_ibfk_1` FOREIGN KEY (`employee_id`) REFERENCES `employee` (`id`)
) ENGINE=InnoDB AUTO_INCREMENT=161 DEFAULT CHARSET=utf8mb4 COLLATE=utf8mb4_unicode_ci;
/*!40101 SET character_set_client = @saved_cs_client */;

--
-- Dumping data for table `salary`
--

LOCK TABLES `salary` WRITE;
/*!40000 ALTER TABLE `salary` DISABLE KEYS */;
INSERT INTO `salary` VALUES (1,1,'2025-10',8000,1092,361,8731,'已发放','2026-05-25 01:46:49'),(2,1,'2025-11',8000,2044,254,9790,'已发放','2026-05-25 01:46:49'),(3,1,'2025-12',8000,420,324,8096,'已发放','2026-05-25 01:46:49'),(4,1,'2026-01',8000,101,107,7994,'已发放','2026-05-25 01:46:49'),(5,1,'2026-02',8000,258,175,8083,'已发放','2026-05-25 01:46:49'),(6,1,'2026-03',8000,2503,148,10355,'已发放','2026-05-25 01:46:49'),(7,1,'2026-04',8000,1663,237,9426,'已发放','2026-05-25 01:46:49'),(8,1,'2026-05',8000,1644,457,9187,'未发放','2026-05-25 01:46:49'),(9,2,'2025-10',12000,2262,237,14025,'已发放','2026-05-25 01:46:49'),(10,2,'2025-11',12000,1682,144,13538,'已发放','2026-05-25 01:46:49'),(11,2,'2025-12',12000,2536,250,14286,'已发放','2026-05-25 01:46:49'),(12,2,'2026-01',12000,169,446,11723,'已发放','2026-05-25 01:46:49'),(13,2,'2026-02',12000,379,205,12174,'已发放','2026-05-25 01:46:49'),(14,2,'2026-03',12000,220,395,11825,'已发放','2026-05-25 01:46:49'),(15,2,'2026-04',12000,896,346,12550,'已发放','2026-05-25 01:46:49'),(16,2,'2026-05',12000,996,407,12589,'未发放','2026-05-25 01:46:49'),(17,3,'2025-10',10000,574,273,10301,'已发放','2026-05-25 01:46:49'),(18,3,'2025-11',10000,1022,421,10601,'已发放','2026-05-25 01:46:49'),(19,3,'2025-12',10000,198,76,10122,'已发放','2026-05-25 01:46:49'),(20,3,'2026-01',10000,2352,494,11858,'已发放','2026-05-25 01:46:49'),(21,3,'2026-02',10000,1643,214,11429,'已发放','2026-05-25 01:46:49'),(22,3,'2026-03',10000,2687,138,12549,'已发放','2026-05-25 01:46:49'),(23,3,'2026-04',10000,1682,225,11457,'已发放','2026-05-25 01:46:49'),(24,3,'2026-05',10000,1800,36,11764,'未发放','2026-05-25 01:46:49'),(25,4,'2025-10',8000,936,35,8901,'已发放','2026-05-25 01:46:49'),(26,4,'2025-11',8000,1436,100,9336,'已发放','2026-05-25 01:46:49'),(27,4,'2025-12',8000,1687,135,9552,'已发放','2026-05-25 01:46:49'),(28,4,'2026-01',8000,814,400,8414,'已发放','2026-05-25 01:46:49'),(29,4,'2026-02',8000,266,494,7772,'已发放','2026-05-25 01:46:49'),(30,4,'2026-03',8000,1616,123,9493,'已发放','2026-05-25 01:46:49'),(31,4,'2026-04',8000,2523,327,10196,'已发放','2026-05-25 01:46:49'),(32,4,'2026-05',8000,451,144,8307,'未发放','2026-05-25 01:46:49'),(33,5,'2025-10',15000,1676,159,16517,'已发放','2026-05-25 01:46:49'),(34,5,'2025-11',15000,2442,328,17114,'已发放','2026-05-25 01:46:49'),(35,5,'2025-12',15000,2800,393,17407,'已发放','2026-05-25 01:46:49'),(36,5,'2026-01',15000,250,26,15224,'已发放','2026-05-25 01:46:49'),(37,5,'2026-02',15000,49,475,14574,'已发放','2026-05-25 01:46:49'),(38,5,'2026-03',15000,2594,232,17362,'已发放','2026-05-25 01:46:49'),(39,5,'2026-04',15000,1145,78,16067,'已发放','2026-05-25 01:46:49'),(40,5,'2026-05',15000,1769,232,16537,'未发放','2026-05-25 01:46:49'),(41,6,'2025-10',15000,1134,360,15774,'已发放','2026-05-25 01:46:49'),(42,6,'2025-11',15000,91,492,14599,'已发放','2026-05-25 01:46:49'),(43,6,'2025-12',15000,2409,419,16990,'已发放','2026-05-25 01:46:49'),(44,6,'2026-01',15000,292,232,15060,'已发放','2026-05-25 01:46:49'),(45,6,'2026-02',15000,125,500,14625,'已发放','2026-05-25 01:46:49'),(46,6,'2026-03',15000,1189,205,15984,'已发放','2026-05-25 01:46:49'),(47,6,'2026-04',15000,1680,179,16501,'已发放','2026-05-25 01:46:49'),(48,6,'2026-05',15000,389,199,15190,'未发放','2026-05-25 01:46:49'),(49,7,'2025-10',12000,1606,12,13594,'已发放','2026-05-25 01:46:49'),(50,7,'2025-11',12000,55,272,11783,'已发放','2026-05-25 01:46:49'),(51,7,'2025-12',12000,2749,464,14285,'已发放','2026-05-25 01:46:49'),(52,7,'2026-01',12000,2060,383,13677,'已发放','2026-05-25 01:46:49'),(53,7,'2026-02',12000,2281,40,14241,'已发放','2026-05-25 01:46:49'),(54,7,'2026-03',12000,2415,55,14360,'已发放','2026-05-25 01:46:49'),(55,7,'2026-04',12000,2120,254,13866,'已发放','2026-05-25 01:46:49'),(56,7,'2026-05',12000,995,352,12643,'未发放','2026-05-25 01:46:49'),(57,8,'2025-10',15000,752,83,15669,'已发放','2026-05-25 01:46:49'),(58,8,'2025-11',15000,1467,265,16202,'已发放','2026-05-25 01:46:49'),(59,8,'2025-12',15000,1892,277,16615,'已发放','2026-05-25 01:46:49'),(60,8,'2026-01',15000,2002,268,16734,'已发放','2026-05-25 01:46:49'),(61,8,'2026-02',15000,1750,283,16467,'已发放','2026-05-25 01:46:49'),(62,8,'2026-03',15000,1559,54,16505,'已发放','2026-05-25 01:46:49'),(63,8,'2026-04',15000,2152,220,16932,'已发放','2026-05-25 01:46:49'),(64,8,'2026-05',15000,1072,394,15678,'已发放','2026-05-25 01:46:49'),(65,9,'2025-10',20000,2383,117,22266,'已发放','2026-05-25 01:46:49'),(66,9,'2025-11',20000,572,37,20535,'已发放','2026-05-25 01:46:49'),(67,9,'2025-12',20000,737,82,20655,'已发放','2026-05-25 01:46:49'),(68,9,'2026-01',20000,2831,187,22644,'已发放','2026-05-25 01:46:49'),(69,9,'2026-02',20000,2506,475,22031,'已发放','2026-05-25 01:46:49'),(70,9,'2026-03',20000,2173,234,21939,'已发放','2026-05-25 01:46:49'),(71,9,'2026-04',20000,258,49,20209,'已发放','2026-05-25 01:46:49'),(72,9,'2026-05',20000,2508,54,22454,'已发放','2026-05-25 01:46:49'),(73,10,'2025-10',6000,1432,363,7069,'已发放','2026-05-25 01:46:49'),(74,10,'2025-11',6000,1199,246,6953,'已发放','2026-05-25 01:46:49'),(75,10,'2025-12',6000,340,368,5972,'已发放','2026-05-25 01:46:49'),(76,10,'2026-01',6000,1942,170,7772,'已发放','2026-05-25 01:46:49'),(77,10,'2026-02',6000,2168,2,8166,'已发放','2026-05-25 01:46:49'),(78,10,'2026-03',6000,2935,263,8672,'已发放','2026-05-25 01:46:49'),(79,10,'2026-04',6000,2050,254,7796,'已发放','2026-05-25 01:46:49'),(80,10,'2026-05',6000,1644,459,7185,'已发放','2026-05-25 01:46:49'),(81,11,'2025-10',15000,1094,144,15950,'已发放','2026-05-25 01:46:49'),(82,11,'2025-11',15000,2290,162,17128,'已发放','2026-05-25 01:46:49'),(83,11,'2025-12',15000,1588,110,16478,'已发放','2026-05-25 01:46:49'),(84,11,'2026-01',15000,274,99,15175,'已发放','2026-05-25 01:46:49'),(85,11,'2026-02',15000,1465,465,16000,'已发放','2026-05-25 01:46:49'),(86,11,'2026-03',15000,786,80,15706,'已发放','2026-05-25 01:46:49'),(87,11,'2026-04',15000,302,491,14811,'已发放','2026-05-25 01:46:49'),(88,11,'2026-05',15000,1276,63,16213,'未发放','2026-05-25 01:46:49'),(89,12,'2025-10',15000,2788,167,17621,'已发放','2026-05-25 01:46:49'),(90,12,'2025-11',15000,1545,198,16347,'已发放','2026-05-25 01:46:49'),(91,12,'2025-12',15000,2652,311,17341,'已发放','2026-05-25 01:46:49'),(92,12,'2026-01',15000,1674,173,16501,'已发放','2026-05-25 01:46:49'),(93,12,'2026-02',15000,1641,424,16217,'已发放','2026-05-25 01:46:49'),(94,12,'2026-03',15000,429,213,15216,'已发放','2026-05-25 01:46:49'),(95,12,'2026-04',15000,985,366,15619,'已发放','2026-05-25 01:46:49'),(96,12,'2026-05',15000,2204,265,16939,'未发放','2026-05-25 01:46:49'),(97,13,'2025-10',8000,2108,247,9861,'已发放','2026-05-25 01:46:49'),(98,13,'2025-11',8000,80,171,7909,'已发放','2026-05-25 01:46:49'),(99,13,'2025-12',8000,2835,161,10674,'已发放','2026-05-25 01:46:49'),(100,13,'2026-01',8000,2068,463,9605,'已发放','2026-05-25 01:46:49'),(101,13,'2026-02',8000,1562,171,9391,'已发放','2026-05-25 01:46:49'),(102,13,'2026-03',8000,411,186,8225,'已发放','2026-05-25 01:46:49'),(103,13,'2026-04',8000,1643,237,9406,'已发放','2026-05-25 01:46:49'),(104,13,'2026-05',8000,2172,328,9844,'已发放','2026-05-25 01:46:49'),(105,14,'2025-10',6000,1483,63,7420,'已发放','2026-05-25 01:46:49'),(106,14,'2025-11',6000,1987,55,7932,'已发放','2026-05-25 01:46:49'),(107,14,'2025-12',6000,270,62,6208,'已发放','2026-05-25 01:46:49'),(108,14,'2026-01',6000,602,285,6317,'已发放','2026-05-25 01:46:49'),(109,14,'2026-02',6000,2163,262,7901,'已发放','2026-05-25 01:46:49'),(110,14,'2026-03',6000,1961,495,7466,'已发放','2026-05-25 01:46:49'),(111,14,'2026-04',6000,991,393,6598,'已发放','2026-05-25 01:46:49'),(112,14,'2026-05',6000,644,14,6630,'已发放','2026-05-25 01:46:49'),(113,15,'2025-10',15000,1875,115,16760,'已发放','2026-05-25 01:46:49'),(114,15,'2025-11',15000,1602,129,16473,'已发放','2026-05-25 01:46:49'),(115,15,'2025-12',15000,698,289,15409,'已发放','2026-05-25 01:46:49'),(116,15,'2026-01',15000,2200,258,16942,'已发放','2026-05-25 01:46:49'),(117,15,'2026-02',15000,2264,28,17236,'已发放','2026-05-25 01:46:49'),(118,15,'2026-03',15000,1619,19,16600,'已发放','2026-05-25 01:46:49'),(119,15,'2026-04',15000,998,216,15782,'已发放','2026-05-25 01:46:49'),(120,15,'2026-05',15000,1678,384,16294,'未发放','2026-05-25 01:46:49'),(121,16,'2025-10',6000,2380,142,8238,'已发放','2026-05-25 01:46:49'),(122,16,'2025-11',6000,1005,33,6972,'已发放','2026-05-25 01:46:49'),(123,16,'2025-12',6000,526,40,6486,'已发放','2026-05-25 01:46:49'),(124,16,'2026-01',6000,2680,12,8668,'已发放','2026-05-25 01:46:49'),(125,16,'2026-02',6000,2066,284,7782,'已发放','2026-05-25 01:46:49'),(126,16,'2026-03',6000,2405,65,8340,'已发放','2026-05-25 01:46:49'),(127,16,'2026-04',6000,2578,267,8311,'已发放','2026-05-25 01:46:49'),(128,16,'2026-05',6000,2525,392,8133,'已发放','2026-05-25 01:46:49'),(129,17,'2025-10',8000,2695,482,10213,'已发放','2026-05-25 01:46:49'),(130,17,'2025-11',8000,2491,284,10207,'已发放','2026-05-25 01:46:49'),(131,17,'2025-12',8000,1597,162,9435,'已发放','2026-05-25 01:46:49'),(132,17,'2026-01',8000,1133,240,8893,'已发放','2026-05-25 01:46:49'),(133,17,'2026-02',8000,1630,124,9506,'已发放','2026-05-25 01:46:49'),(134,17,'2026-03',8000,88,315,7773,'已发放','2026-05-25 01:46:49'),(135,17,'2026-04',8000,1876,15,9861,'已发放','2026-05-25 01:46:49'),(136,17,'2026-05',8000,203,123,8080,'已发放','2026-05-25 01:46:49'),(137,18,'2025-10',10000,2981,52,12929,'已发放','2026-05-25 01:46:49'),(138,18,'2025-11',10000,1860,1,11859,'已发放','2026-05-25 01:46:49'),(139,18,'2025-12',10000,170,337,9833,'已发放','2026-05-25 01:46:49'),(140,18,'2026-01',10000,1907,429,11478,'已发放','2026-05-25 01:46:49'),(141,18,'2026-02',10000,1119,5,11114,'已发放','2026-05-25 01:46:49'),(142,18,'2026-03',10000,2266,3,12263,'已发放','2026-05-25 01:46:49'),(143,18,'2026-04',10000,2024,158,11866,'已发放','2026-05-25 01:46:49'),(144,18,'2026-05',10000,308,14,10294,'已发放','2026-05-25 01:46:49'),(145,19,'2025-10',8000,1576,121,9455,'已发放','2026-05-25 01:46:49'),(146,19,'2025-11',8000,2341,265,10076,'已发放','2026-05-25 01:46:49'),(147,19,'2025-12',8000,2835,313,10522,'已发放','2026-05-25 01:46:49'),(148,19,'2026-01',8000,2854,347,10507,'已发放','2026-05-25 01:46:49'),(149,19,'2026-02',8000,1414,277,9137,'已发放','2026-05-25 01:46:49'),(150,19,'2026-03',8000,512,15,8497,'已发放','2026-05-25 01:46:49'),(151,19,'2026-04',8000,1022,290,8732,'已发放','2026-05-25 01:46:49'),(152,19,'2026-05',8000,8,444,7564,'已发放','2026-05-25 01:46:49'),(153,20,'2025-10',15000,2041,81,16960,'已发放','2026-05-25 01:46:49'),(154,20,'2025-11',15000,1106,152,15954,'已发放','2026-05-25 01:46:49'),(155,20,'2025-12',15000,1754,203,16551,'已发放','2026-05-25 01:46:49'),(156,20,'2026-01',15000,2446,3,17443,'已发放','2026-05-25 01:46:49'),(157,20,'2026-02',15000,768,103,15665,'已发放','2026-05-25 01:46:49'),(158,20,'2026-03',15000,1748,354,16394,'已发放','2026-05-25 01:46:49'),(159,20,'2026-04',15000,2318,371,16947,'已发放','2026-05-25 01:46:49'),(160,20,'2026-05',15000,1023,71,15952,'已发放','2026-05-25 01:46:49');
/*!40000 ALTER TABLE `salary` ENABLE KEYS */;
UNLOCK TABLES;


/*!40103 SET TIME_ZONE=@OLD_TIME_ZONE */;

/*!40101 SET SQL_MODE=@OLD_SQL_MODE */;
/*!40014 SET FOREIGN_KEY_CHECKS=@OLD_FOREIGN_KEY_CHECKS */;
/*!40014 SET UNIQUE_CHECKS=@OLD_UNIQUE_CHECKS */;
/*!40101 SET CHARACTER_SET_CLIENT=@OLD_CHARACTER_SET_CLIENT */;
/*!40101 SET CHARACTER_SET_RESULTS=@OLD_CHARACTER_SET_RESULTS */;
/*!40101 SET COLLATION_CONNECTION=@OLD_COLLATION_CONNECTION */;
/*!40111 SET SQL_NOTES=@OLD_SQL_NOTES */;

-- Dump completed on 2026-05-25 14:07:03
